name,method,serving,source,user_id
닭마늘 양념구이와 야채샐러드,1 닭다리는 넓적한 윗부분까지 잘라서 파는 것으로 구입해 안쪽의 뼈를 따라 칼집을 넣어 닭살만 발라낸다. 닭살은 기름기는 떼고 껍질은 붙어 있는 채로 준비해서 물에 씻은 다음 청주 소금 후춧가루로 밑간해 30분 정도 재우면 간도 되고 누린내도 나지 않는다. 2 샐러드용 야채 중 양파와 당근은 곱게 채썰고 양상추는 손으로 한입 크기로 뜯고 피망은 동그랗고 얇게 썬다. 두순이는 끝을 조금 자른다. 준비한 야채는 모두 찬물에 헹군 다음 얼음물에 30분 정도 담갔다 꺼내 물기를 빼고 냉장고에 둔다. 샐러드용 야채를 얼음물에 담그면 다시 생생해지면서 조직이 살짝 굳어 아삭한 느낌이 좋아진다. 샐러드용 야채는 이외에도 다양하게 준비한다. 3 샐러드용 소스는 재료를 병에 담고 잘 흔들어 차게 둔다. 이때 양파와 당근은 블렌더에 갈지 말고 강판에 갈아서 넣어야 씹는 질감도 좋고 색감도 선명하다. 4 양파 피망 붉은피망 당근은 모두 깨끗이 씻은 다음 잘게 깍둑썰기 한다. 양념에 재워둔 닭다리살은 체에 건져 물기를 뺀 다음 곱게 간 마늘을 앞뒤로 고루 발라준다. 넓은 접시에 밀가루를 담아 닭살에 묻히고 여분의 가루는 털어낸다. 달군 팬에 식용유를 두르고 닭살을 얹어 껍질 반대쪽부터 중간 불에 노릇하게 지진다. 5 팬에 조림장 재료를 넣고 우르르 끓인 다음 지진 닭살을 넣고 타지 않게 중간 불로 먹음직스러운 갈색이 나게 조린다. 남은 조림장에 썰어놓은 양파 피망 붉은피망 당근을 넣고 볶는다. 넓은 접시에 샐러드용 야채를 듬뿍 담고 닭살을 한입 크기로 잘라 얹는다. 볶아놓은 야채를 닭살에 올리고 샐러드 소스를 뿌린다. 6 닭다리살 손질해 양념하기 → 샐러드용 야채 준비하기 → 샐러드 소스 만들기 → 야채 썰기 → 닭살에 다진 마늘 밀가루 묻히기 → 닭살 지지기 → 조림장에 닭살 조리기 → 야채 조리기 → 접시에 담아내기,2,http://www.msn.com/ko-kr/foodanddrink/recipes/%eb%8b%ad%eb%a7%88%eb%8a%98-%ec%96%91%eb%85%90%ea%b5%ac%ec%9d%b4%ec%99%80-%ec%95%bc%ec%b1%84%ec%83%90%eb%9f%ac%eb%93%9c/fd-a07d1c13-3b9a-538a-a498-ee2c479d7076,1
브라운 버터 파우더를 곁들인 토마토 워터 젤리,1 팬에 버터를 녹인 후 탈지분유를 넣어 볶다 브라운색이 나기 직전 체에 걸러 기름을 빼고 건조기에서 24시간 말려 믹서에 갈아 브라운 버터 파우더를 만든다. 2 물과 샤프론을 혼합해 불 위에서 바닥까지 졸이다 카놀라 오일을 넣고 물기가 사라질 때까지 데워 블렌더에 넣고 갈아 커피 필터에 걸러 샤프론 오일을 만든다. 3 완숙 토마토를 블렌더로 갈아서 체에 면보를 밭쳐 내린다. 4 투명하게 내려온 워터를 꿀 레몬 주스 소금을 넣어 새콤달콤하게 만든 후 얼음물에 불린 젤라틴을 넣어 혼합한다. 5 ④의 토마토 워터 젤리를 그릇에 부어 냉장고에서 굳힌다. 6 굳은 젤리 위에 브라운 버터 파우더를 올리고 꽃잎 처빌을 올려 장식한다. 7 샤프론 오일을 4~5방울 떨어뜨려 마무리한다.,2,http://www.msn.com/ko-kr/foodanddrink/recipes/%eb%b8%8c%eb%9d%bc%ec%9a%b4-%eb%b2%84%ed%84%b0-%ed%8c%8c%ec%9a%b0%eb%8d%94%eb%a5%bc-%ea%b3%81%eb%93%a4%ec%9d%b8-%ed%86%a0%eb%a7%88%ed%86%a0-%ec%9b%8c%ed%84%b0-%ec%a0%a4%eb%a6%ac/fd-b192b5c6-af7b-5727-85d9-6b93e6ee72ec,1
눈물 젖은 달걀빵,1 볼에 우유와 달걀 1개를 넣고 잘 섞는다. 2 ①에 핫케이크 가루와 다진 견과류를 넣고 섞는다. 3 종이컵에 ②를 반컵 정도 넣은 후 그 위에 달걀 1개를 넣고 포크로 노른자를 터뜨린다. 4 ③을 전자레인지에 넣고 2분 동안 돌려 완성한다.,2,http://www.msn.com/ko-kr/foodanddrink/recipes/%eb%88%88%eb%ac%bc-%ec%a0%96%ec%9d%80-%eb%8b%ac%ea%b1%80%eb%b9%b5/fd-35dfb01b-e614-52e9-a735-040839da186b,1
시리얼바,1 건조 살구는 잘게 다져 큰 볼에 시리얼 슬라이스 아몬드 건조 크랜베리 호박씨와 함께 섞어둔다. 2 냄비에 버터를 넣고 녹으면 머시멜로를 넣고 주걱으로 저어가며 약한 불에서 녹인다. 3 ②에 ①을 넣고 고루 섞은 뒤 유산지를 깐 쟁반에 넓게 펼쳐 식히고 굳으면 스틱 형태로 썬다.,2,http://www.msn.com/ko-kr/foodanddrink/recipes/%ec%8b%9c%eb%a6%ac%ec%96%bc%eb%b0%94/fd-833074bf-b283-5d60-a351-05276a88b743,1
차돌박이된장구이,1 차돌박이에 미소 다진 파 다진 마늘 참기름 설탕을 넣고 살살 버무려 분 정도 잰다. 2 달군 팬에 올리브유를 약간만 두르고 양념한 차돌박이를 올려 노릇하게 굽고 접시에 담은 다음 참깨와 검은깨를 곁들여 낸다.,2,http://www.msn.com/ko-kr/foodanddrink/recipes/%ec%b0%a8%eb%8f%8c%eb%b0%95%ec%9d%b4%eb%90%9c%ec%9e%a5%ea%b5%ac%ec%9d%b4/fd-7fa1a037-50b7-5ea9-82ef-76c5cb8bafae,1
땅콩소스 닭가슴살샐러드김밥,1 냄비에 닭이 잠길 정도로 물을 붓고 다진 마늘 작은술을 넣어 끓으면 청주 큰술과 닭가슴살을 넣어 데친다. 다 익으면 한 김 식혀 손으로 잘게 찢은 뒤 양념에 버무린다. 2 겨자잎은 길이로 반 자르고 적채는 채 썬다. 새싹채소는 맑은 물에 헹군 뒤 체에 건져 물기를 뺀다. 3 당근은 채 썰어 달군 팬에 포도씨유를 두르고 소금으로 간해 볶는다. 4 볼에 따뜻한 밥을 담고 단촛물과 검은깨를 넣어 고루 섞는다. 5 김에 밥을 펼치고 겨자잎을 얹은 다음 닭고기 적채 새싹채소 당근 단무지를 얹고 돌돌 말아 먹기 좋은 크기로 썬다.,2,http://www.msn.com/ko-kr/foodanddrink/recipes/%eb%95%85%ec%bd%a9%ec%86%8c%ec%8a%a4-%eb%8b%ad%ea%b0%80%ec%8a%b4%ec%82%b4%ec%83%90%eb%9f%ac%eb%93%9c%ea%b9%80%eb%b0%a5/fd-e513078b-3cba-5543-ba54-c78089365365,1
레몬 드레싱을 곁들인 훈제연어 카르파치오,1 레몬드레싱 레몬은 반 잘라 즙을 내어(사진 1) 꿀을 섞는다. 단맛이 신맛을 누르지 않도록 맛을 봐가며 꿀 양을 조절한다. 2 소금과 후춧가루로 간하고 올리브오일을 조금씩 넣어가며 거품기로 젓는다(사진 2). 3 카르파치오 훈제연어를 약 0.2~0.3cm 두께로 얇게 썬다(사진 3). 4 볼에 루콜라(사진 4)와 방울토마토를 넣고 레몬 드레싱을 뿌려 가볍게 무친다. 5 접시에 루콜라를 담으면서(사진 5) 사이사이 연어를 올린다. 6 방울토마토와 케이퍼베리 파르메산 치즈를 얹어 마무리한다(사진 6). 7 케이퍼베리 연어 요리에 곧잘 곁들여지는 케이퍼와 닮은꼴 형제. 케이퍼가 케이퍼(서양풍조목)라는 나무의 꽃봉오리를 초절임한 것이라면 케이퍼베리는 꽃이 떨어진 뒤 맺히는 열매를 말한다. 맛이 좀더 상큼하고 가격 또한 더 비싸다.,2,http://www.msn.com/ko-kr/foodanddrink/recipes/%eb%a0%88%eb%aa%ac-%eb%93%9c%eb%a0%88%ec%8b%b1%ec%9d%84-%ea%b3%81%eb%93%a4%ec%9d%b8-%ed%9b%88%ec%a0%9c%ec%97%b0%ec%96%b4-%ec%b9%b4%eb%a5%b4%ed%8c%8c%ec%b9%98%ec%98%a4/fd-d7418e50-7180-5bb6-afe5-cf1653fc6c21,1
카레소스에 절인 치킨바비큐와 야채샐러드,1 닭 안심을 커리소스에 재워 2시간 이상 둔다. 2 재운 닭을 꼬치에 꽂아 굽거나 팬에 기름을 두르고 지진다. 3 토마토는 껍질을 벗기고 사방 0.5cm 정사각형으로 썬다. 4 양파와 붉은 피망도 토마토와 같은 크기로 썬다. 5 토마토와 양파붉은 피망옥수수를 섞어 올리브오일과 소금 후춧가루로 간을 한다. 6 야채를 접시에 깔고 그 위에 꼬치에 꽂은 닭고기를 세워 놓는다.,2,http://www.msn.com/ko-kr/foodanddrink/recipes/%ec%b9%b4%eb%a0%88%ec%86%8c%ec%8a%a4%ec%97%90-%ec%a0%88%ec%9d%b8-%ec%b9%98%ed%82%a8%eb%b0%94%eb%b9%84%ed%81%90%ec%99%80-%ec%95%bc%ec%b1%84%ec%83%90%eb%9f%ac%eb%93%9c/fd-4e67acb0-0f7a-54b3-beef-ebe07afc2b7f,1
콩과 돼지갈비 미네스트로네,1 콩은 하루 정도 불린 후 소금물에 삶는다. 2 돼지 갈비살과 감자는 큼직하게 썰고 양파와 이탈리안 파슬리는 다져 놓는다. 3 냄비에 올리브오일을 두르고 다진 양파와 돼지 갈비살을 충분히 볶다가 감자와 삶은 콩을 추가한 후 야채 스톡을 넣어 끓인다. 4 토마토 소스를 첨가하여 뚜껑을 덮고 끓인다. 5 거의 익어가면 감자를 솥 안에서 으깨어 준 후 마지막에 이탈리안 파슬리 다진 것을 넣어 완성한다. 6 수프 그릇에 옮긴 후 파르메잔 치즈와 크로스티니를 뿌려 낸다.,2,http://www.msn.com/ko-kr/foodanddrink/recipes/%ec%bd%a9%ea%b3%bc-%eb%8f%bc%ec%a7%80%ea%b0%88%eb%b9%84-%eb%af%b8%eb%84%a4%ec%8a%a4%ed%8a%b8%eb%a1%9c%eb%84%a4/fd-5e84c9cd-43ef-5687-873e-de8cd0ab5ed9,1
카망베르 고추장소스 북어찜,1 손질한 북어는 등 쪽에 칼집을 낸 후 젖은 면보에 싸서 약 10분 동안 그대로 둔다. 2 분량의 북어 밑간 재료를 섞어 북어에 바른다. 3 분량의 카망베르 고추장 소스 재료를 모두 섞는다. 4 팬에 북어를 넣고 양념 소스를 덧발라가며 앞뒤로 굽는다. 5 구운 북어를 접시에 담고 다진 쪽파를 뿌린다.,2,http://www.msn.com/ko-kr/foodanddrink/recipes/%ec%b9%b4%eb%a7%9d%eb%b2%a0%eb%a5%b4-%ea%b3%a0%ec%b6%94%ec%9e%a5%ec%86%8c%ec%8a%a4-%eb%b6%81%ec%96%b4%ec%b0%9c/fd-366e0ae2-06e3-59bf-8c55-0a0f30f2d046,1
하트햄 꼬치 카나페,1 햄은 가로 세로 2cm 크기로 자른 다음 하트 모양을 만든다. 2 방울토마토는 씻어 꼭지를 떼어내고 슬라이스 체다 치즈는 가로 세로 2cm 크기로 썬다. 3 뜨겁게 달군 팬에 올리브 오일을 두르고 간장 꿀을 넣어 끓으면 ①의 햄을 넣어 조리듯 구워낸다. 4 꼬치에 한 김 식은 햄과 방울토마토 슬라이스 체다 치즈를 차례로 꿰어 컵에 꽂아 낸다.,2,http://www.msn.com/ko-kr/foodanddrink/recipes/%ed%95%98%ed%8a%b8%ed%96%84-%ea%bc%ac%ec%b9%98-%ec%b9%b4%eb%82%98%ed%8e%98/fd-14770b58-f0c9-5af6-8090-ad8e85368d61,1
토마토 라이스와 줄기토마토 오븐구이,1 토마토는 열십자로 칼집을 내어 끓는 물에 데친 후 껍질을 벗기고 깍둑썰기한다. 2 양파는 잘게 깍둑썰기 하고 마늘은 다진다. 양송이버섯은 슬라이스한다. 3 달군 팬에 올리브오일을 두르고 양파를 볶다가 마늘 양송이버섯을 순서대로 넣어 볶다가 쌀을 넣고 볶는다. 4 물을 조금씩 계속 첨가하면서 쌀이 거의 익을 때까지 볶는다. 5 쌀이 다 익으면 ①의 토마토 콩카세를 넣고 섞은 뒤 뚜껑을 닫고 10분 동안 뜸을 들인 후 파르메산 치즈 가루를 넣고 섞는다. 마지막으로 소금과 후춧가루로 간을 한다. 6 줄기토마토는 올리브오일을 뿌린 후 180℃로 예열한 오븐에 5분 동안 굽는다. 7 접시에 완성된 토마토 라이스와 오븐에 구운 줄기토마토를 곁들인다.,2,http://www.msn.com/ko-kr/foodanddrink/recipes/%ed%86%a0%eb%a7%88%ed%86%a0-%eb%9d%bc%ec%9d%b4%ec%8a%a4%ec%99%80-%ec%a4%84%ea%b8%b0%ed%86%a0%eb%a7%88%ed%86%a0-%ec%98%a4%eb%b8%90%ea%b5%ac%ec%9d%b4/fd-df18e4cd-be93-57ef-9c13-1d7bcc1860e1,1
오렌지 향의 통 오리구이 Roasted duck with orange,1 오리는 날개를 자르고(사진 1) 배 부분의 기름을 제거한 후 목 부위를 잘라 낸다(사진 2). 2 손질한 오리의 속과 겉에 소금 후춧가루로 간한다(사진 3·4). 3 조리용 실로 오리의 양다리가 벌어지지 않도록 고정시킨 다음(사진 5) 몸을 전체적으로 한 번 감싸 묶는다(사진 6). 4 로스팅 팬에 올리브오일과 버터를 넣고 바닥이 달궈지면 오리를 넣고 겉면에 황갈색이 날 때까지 돌려가며 익힌다(사진 7). 5 220℃로 예열한 오븐에 ④의 오리를 넣고 약 1시간 정도 굽는다. 중간에 두세 번 정도 오븐에서 꺼내 팬의 방향을 바꾸어 골고루 익힌다. 이때 오븐에 고인 기름을 오리 몸 전체에 바르면서 구우면 오리 몸 속의 불필요한 기름이 빠져나가 육질이 더욱 맛있다. 다리 쪽에 꼬챙이를 꽂아 맑은 액이 흐르면 다 익은 것이다. 6 맛이 제대로 배도록 익힌 오리를 따뜻한 곳에 10∼15분 정도 둔 다음 실을 제거한다. 7 제스트를 만든다. 오렌지는 필러로 껍질을 얇게 벗겨(사진 8) 0.1∼0.2cm 두께로 썬 다음(사진 9) 찬물에 넣고 끓인다(사진 10). 살짝 익으면 물을 버리고 다시 냄비에 찬물과 익힌 오렌지 껍질을 넣고 한 번 더 끓인다. 8 소스에 들어갈 레몬과 오렌지는 즙을 내어 따로 준비한다(사진 11). 9 소스를 만든다. 냄비에 설탕과 레드 와인 식초를 넣고(사진 12) 약한 불에 서서히 녹여 진한 황갈색의 캐러멜을 만든다. 10 오렌지즙과 레몬즙을 재빨리 넣고 끓인다. 제스트를 만들고 남은 오렌지 과육도 체에 내려 즙을 낸다(사진 13). 11 스톡을 넣고(사진 14) 소스가 걸쭉해질 때까지 약한 불에 졸인다(약 45분간). 12 버터 2큰술을 넣고 팬을 돌려가며 부드럽게 섞은 후 체에 내려 따뜻한 곳에 보관한다. 13 가니시에 사용할 오렌지는 껍질을 벗기고 섹션을 떠서(사진 15) 오리와 함께 곁들인다. 14 완성된 오리에 제스트를 곁들이고 소스를 뿌려 낸다. 소스를 따로 담아 먹기 직전에 뿌리면 더욱 좋다.,2,http://www.msn.com/ko-kr/foodanddrink/recipes/%ec%98%a4%eb%a0%8c%ec%a7%80-%ed%96%a5%ec%9d%98-%ed%86%b5-%ec%98%a4%eb%a6%ac%ea%b5%ac%ec%9d%b4-roasted-duck-with-orange/fd-3b78a569-9cea-504f-b065-be3e6219b3eb,1
불고기소스에 절인 쇠고기구이와 야채샐러드,1 불고기소스 재료를 모두 섞어 놓는다. 2 참깨드레싱의 재료를 섞어 놓는다. 3 쑥쌀로 밥을 짓는다. 4 ①의 소스에 쇠고기를 재운 뒤 프라이팬이나 오븐에서 미디움 상태로 구워 얇게 저며 놓는다. 5 잎이 작은 야채들을 참깨드레싱에 무친다. 6 감자는 얇게 채쳐서 튀겨 놓는다. 7 접시 위에 10cm × 10cm × 5cm 의 틀을 놓고 그 안에 쑥쌀을 2cm 높이로 담는다. 8 쑥쌀 위에 저며 놓은 구운 쇠고기와 ⑤의 야채들을 올리고 틀을 들어낸다. 9 맨 위에 튀겨 놓은 감자를 올린다.,2,http://www.msn.com/ko-kr/foodanddrink/recipes/%eb%b6%88%ea%b3%a0%ea%b8%b0%ec%86%8c%ec%8a%a4%ec%97%90-%ec%a0%88%ec%9d%b8-%ec%87%a0%ea%b3%a0%ea%b8%b0%ea%b5%ac%ec%9d%b4%ec%99%80-%ec%95%bc%ec%b1%84%ec%83%90%eb%9f%ac%eb%93%9c/fd-989f8971-d715-5058-b3fe-a37d2198eabc,1
아스파라거스와 파프리카를 감싼 갈비구이,1 갈비는 요리하기 전날 미리 양념을 만들어 재운다. 양념은 키위 배 양파 사과를 믹서에 곱게 갈고 간장 꿀 물엿 흑설탕 다진 마늘 참기름 청주 맛술 참깨물 후춧가루를 모두 넣어 섞는다. 2 양념장에 얇게 포 뜬 왕갈비를 재워 냉장고에 하룻밤 숙성시킨다. 3 아스파라거스는 소금을 약간 넣어 끓인 물에 살짝 데친다. 4 갈비는 뼈와 살을 분리해 살에 아스파라거스와 얇게 썬 파프리카를 넣고 말아서 뼈와 함께 팬에 굽는다. 5 갈비 구울 때는 돌돌 말아 겹친 부분을 팬에 닿게 올려 놓아야 벌어지지 않게 익힐 수 있다. 6 갈빗살 대신 얇게 썬 등심을 사용해도 좋다. 채소도 맛살 우엉조린 것 두릅 버섯 등 취향대로 사용해도 좋다.,2,http://www.msn.com/ko-kr/foodanddrink/recipes/%ec%95%84%ec%8a%a4%ed%8c%8c%eb%9d%bc%ea%b1%b0%ec%8a%a4%ec%99%80-%ed%8c%8c%ed%94%84%eb%a6%ac%ec%b9%b4%eb%a5%bc-%ea%b0%90%ec%8b%bc-%ea%b0%88%eb%b9%84%ea%b5%ac%ec%9d%b4/fd-285b07e3-19f9-597b-95fc-c11694cbe23c,1
호두를 넣은 쌈장·약고추장 쌈밥,1 분량의 재료를 모두 섞어 호두 쌈장을 만든다. 2 핏물을 제거한 다진 소고기는 팬에 볶아 다시 곱게 다지고 잣은 고깔을 떼어 손질한다. 분량의 재료를 모두 섞어 팬에 잘 볶아 약고추장을 만든다. 3 손질한 호박잎과 양배추를 김이 오른 찜통에 넣고 찐 후 펼쳐 식힌다. 4 호박잎과 양배추에 각각 밥을 한 입 크기로 담고 그 위에 쌈장이나 약고추장을 적당량 얹어 돌돌 말아 싼 후 접시에 담아낸다.,2,http://www.msn.com/ko-kr/foodanddrink/recipes/%ed%98%b8%eb%91%90%eb%a5%bc-%eb%84%a3%ec%9d%80-%ec%8c%88%ec%9e%a5%c2%b7%ec%95%bd%ea%b3%a0%ec%b6%94%ec%9e%a5-%ec%8c%88%eb%b0%a5/fd-492f9416-9f2c-5481-b49a-a90016984166,1
코코아가루를 넣어 빚은 찹쌀경단과 우유빙수,1 찹쌀가루를 반으로 나눠 우선 반에 소금을 조금 넣고 따뜻한 물과 섞어 반죽한다. 2 남은 찹쌀가루에 코코아가루를 섞고 역시 소금으로 간을 한 뒤 따뜻한 물로 반죽한다. 3 땅콩은 다져서 흑설탕과 섞는다. 이것을 경단 속에 넣고 동그랗게 빚는다. 4 펼펄 끓는 물에서 삶아 찬물에 건진다. 5 우유와 물 설탕을 섞어 냉동실에서 3~4시간 굳힌 다음 간다. 6 그릇에 얼음 간 것을 채우고 경단을 위에 얹는다.,2,http://www.msn.com/ko-kr/foodanddrink/recipes/%ec%bd%94%ec%bd%94%ec%95%84%ea%b0%80%eb%a3%a8%eb%a5%bc-%eb%84%a3%ec%96%b4-%eb%b9%9a%ec%9d%80-%ec%b0%b9%ec%8c%80%ea%b2%bd%eb%8b%a8%ea%b3%bc-%ec%9a%b0%ec%9c%a0%eb%b9%99%ec%88%98/fd-3902b7d1-765c-5358-ad70-27a7255b6c9a,1
모둠 콩 쇠고기스튜,1 모둠 콩은 잘 씻어 체에 밭치고 양송이는 4등분한다. 2 감자 양파 당근 쇠고기는 사방 2cm 크기로 깍둑썬다. 3 냄비에 버터를 녹이고 다진 마늘과 양파를 살짝 볶아 향을 낸 후 쇠고기를 볶아 익힌다. 4 ③에 하이라이스 가루와 토마토케첩을 넣고 살짝 볶다가 물 레드 와인 월계수잎을 넣고 끓인다. 5 소스가 끓으면 콩 감자 당근을 넣고 끓여 익힌 뒤 양송이버섯을 넣고 간이 배도록 조려 파슬리 가루나 채썬 바질을 뿌린다. 6 Tip 쇠고기를 익힌 뒤 채소를 넣어야 채소에 고기 누린내가 배어들지 않는다.,2,http://www.msn.com/ko-kr/foodanddrink/recipes/%eb%aa%a8%eb%91%a0-%ec%bd%a9-%ec%87%a0%ea%b3%a0%ea%b8%b0%ec%8a%a4%ed%8a%9c/fd-e1619979-ed0e-5b8f-851b-67d319b04c21,1
양념을 뿌려 먹는 로메인 레터스 겉절이,1 로메인 레터스는 씻어 물기를 뺀다. 2 차이브를 3cm로 썬다. 3 팽이버섯은 뿌리를 자른다. 4 토마토는 반으로 잘라 얇게 썬다. 5 겉절이 양념 재료를 모두 섞는다. 6 야채들 위에 실고추를 놓고 ⑤의 양념을 뿌린다.,2,http://www.msn.com/ko-kr/foodanddrink/recipes/%ec%96%91%eb%85%90%ec%9d%84-%eb%bf%8c%eb%a0%a4-%eb%a8%b9%eb%8a%94-%eb%a1%9c%eb%a9%94%ec%9d%b8-%eb%a0%88%ed%84%b0%ec%8a%a4-%ea%b2%89%ec%a0%88%ec%9d%b4/fd-ff3685e5-4394-5737-8205-be7e23fa0249,1
토마토 콩피,1 마늘을 얇게 저미고 레몬그라스를 얇게 어슷썬다. 2 토마토는 반을 갈라 씨를 뺀 후 오븐 팬에 종이 포일을 깔고 올린다. 3 소금과 후춧가루 설탕을 토마토마다 조금씩 뿌려서 간한 후 올리브 오일을 넉넉히 뿌린다. 4 얇게 저민 마늘과 레몬그라스 오레가노 타임 펜넬씨 팔각을 골고루 토마토 위와 사이사이에 올리고 뿌린다. 5 85℃ 오븐에 넣어 5시간 동안 천천히 말린다. 6 TIP 낮은 온도의 오븐에서 천천히 말려 만든 토마토 콩피는 농축되어 더욱 진한 맛의 토마토 과육과 허브 향이 어우러져 저온조리의 매력을 깨달을 수 있는 음식이다. 제철을 맞은 달콤한 토마토라면 어떤 종류든 전부 어울리지만 짭짤한 맛의 대저토마토를 강력하게 추천한다. 재료의 양은 정해진 분량 없이 적당히 원하는 만큼이다.,2,http://www.msn.com/ko-kr/foodanddrink/recipes/%ed%86%a0%eb%a7%88%ed%86%a0-%ec%bd%a9%ed%94%bc/fd-2cc84d57-95d7-5349-ae34-70132b655265,1
라타투이를 곁들인 퀴노아,1 토마토와 가지 호박 양파 마늘을 굵게 다진다. 2 퀴노아는 깨끗이 씻은 후 체에 밭쳐 물기를 제거한다. 냄비에 넣고 물 1.2컵과 소금 올리브 오일을 약간씩 넣고 약한 불에서 뭉근하게 익힌다. 3 팬에 올리브 오일을 두르고 다진 마늘과 양파를 볶는다. 숨이 죽으면 남은 채소를 모두 넣고 볶는다. 채소가 살짝 익으면 토마토 페이스트와 말린 타임을 넣고 뚜껑을 덮은 후 약한 불에서 뭉근하게 익힌다. 4 채소가 무르게 익으면 소금 후춧가루로 간한다. 그릇에 부드럽게 익은 퀴노아를 담고 라타투이를 곁들여 낸다.,2,http://www.msn.com/ko-kr/foodanddrink/recipes/%eb%9d%bc%ed%83%80%ed%88%ac%ec%9d%b4%eb%a5%bc-%ea%b3%81%eb%93%a4%ec%9d%b8-%ed%80%b4%eb%85%b8%ec%95%84/fd-f3555516-44cb-5b71-9858-520fd5e3dc41,1
삼색밀쌈 (흰색녹색노란색),1 삼색밀전병을 만든다. 재료를 각각 섞어서 잘 풀어준 다음 냉장고에 20분 정도 둔다. 2 쇠고기와 표고버섯은 채썰어서 각각 양념한다. 2 오이는 소금에 문질러 씻은 뒤 5cm 길이로 잘라 돌려 깎아 채썰어서 소금에 절인다. 오이가 절여졌으면 물기를 짠다. 3 숙주는 꼬리를 다듬어 끓는 물에 소금을 넣고 데쳐서 물기를 빼고 붉은 고추는 3cm 길이로 곱게 채썬다. 4 달걀은 노른자와 흰자를 나누어 소금을 넣고 각각 지단을 부쳐 곱게 채썬다. 5 프라이팬을 달궈 올리브유를 두르고 오이 붉은 고추 표고버섯 쇠고기 순서로 각각 볶는다. 6 프라이팬에 올리브유를 약간 두르고 밀전병 반죽을 지름 10cm 크기로 각각 부친다. 7 준비한 재료를 섞어서 밀전병에 돌돌 만 다음 먹기 좋은 크기로 썰어 접시에 모양을 내어 담는다. 8 분량의 겨자 소스 재료를 섞어서 소스를 곁들여 낸다.,2,http://www.msn.com/ko-kr/foodanddrink/recipes/%ec%82%bc%ec%83%89%eb%b0%80%ec%8c%88-%ed%9d%b0%ec%83%89%eb%85%b9%ec%83%89%eb%85%b8%eb%9e%80%ec%83%89/fd-98c189df-0693-550d-8fa4-c93b27cc5c04,1
모둠 콩 닭가슴살 맥시칸샐러드,1 모둠 콩은 잘 씻어 넉넉한 물에 소금을 약간 넣고 부드럽게 삶아 건져 헹군 2 다. 3 닭가슴살은 큼직하게 깍둑썰어 끓는 물에 넣고 부드럽게 데친다. 4 푸실리는 포장지에 표시된 시간대로 소금물에 삶아 건진다. 5 방울토마토와 블랙 올리브는 모양을 살려 슬라이스한다. 6 토르티야는 마른 팬에 살짝 굽는다. 7 분량의 살사 드레싱 재료를 고루 섞는다. 8 볼에 샐러드 재료를 담고 드레싱을 넣어 버무린 후 그릇에 담고 체다 치즈를 잘게 다져 뿌린다. 9 Tip 기호에 따라 옥수수를 곁들여 내도 좋다. 드레싱은 시판 살사 소스에 올리브 오일을약간 넣어 만들면 더욱 간편하다.,2,http://www.msn.com/ko-kr/foodanddrink/recipes/%eb%aa%a8%eb%91%a0-%ec%bd%a9-%eb%8b%ad%ea%b0%80%ec%8a%b4%ec%82%b4-%eb%a7%a5%ec%8b%9c%ec%b9%b8%ec%83%90%eb%9f%ac%eb%93%9c/fd-d2d56eae-d571-58eb-b987-280fd54e2a52,1
페타 치즈 두부샐러드,1 연두부는 한입 크기로 깍둑썬다. 2 양상추는 한입 크기로 손으로 뜯고 오이는 동글동글 얄팍하게 썰고 양파는 둥글게 썬다. 3 방울토마토는 반으로 자르고 치커리는 연한 부분만 자른다. 4 분량의 간장 소스 재료를 섞는다. 5 접시에 ② ③의 재료들을 담고 그 위에 연두부와 페타 치즈를 얹고 간장 소스를 곁들인다.,2,http://www.msn.com/ko-kr/foodanddrink/recipes/%ed%8e%98%ed%83%80-%ec%b9%98%ec%a6%88-%eb%91%90%eb%b6%80%ec%83%90%eb%9f%ac%eb%93%9c/fd-397f96a6-5d2e-5c19-a853-6dbf20340a1a,1
모차렐라 치즈를 넣은 해물찜,1 가래떡은 한입 크기로 잘라 따뜻한 물에 불린다. 2 오징어는 먹기 좋은 크기로 썰고 새우는 수염을 제거한다. 바지락은 소금물에 담가 해감을 빼낸다. 3 양배추와 양파는 한입 크기로 썬다. 마른 표고버섯은 따뜻한 물에 불린 다음 밑동을 제거하고 반으로 썬다. 4 청경채는 4등분 하고 풋고추는 어슷하게 썬 후 씨를 뺀다. 5 팬에 분량의 양념 재료를 모두 섞어 끓이다가 ①의 가래떡을 넣고 익힌다. 6 ②의 해산물을 모두 넣고 익으면 표고버섯 양배추와 양파를 넣고 익힌다. 7 재료가 모두 익으면 모차렐라 치즈와 청경채 풋고추를 넣고 살짝 끓여 먹는다.,2,http://www.msn.com/ko-kr/foodanddrink/recipes/%eb%aa%a8%ec%b0%a8%eb%a0%90%eb%9d%bc-%ec%b9%98%ec%a6%88%eb%a5%bc-%eb%84%a3%ec%9d%80-%ed%95%b4%eb%ac%bc%ec%b0%9c/fd-62119d3a-46e5-5ba2-a72e-039177b0efe5,1
큐어비스케른 폴콘브로트(호박씨 잡곡빵),1 호밀가루에 물을 넣고 나무주걱으로 잘 저어 그릇에 담고 헝겊을 덮은 뒤 25~26℃에서 24시간 두어 사워도우를 만든다. 2 ①에 나머지 재료를 모두 넣고 글루텐이 형성되도록 치댄다. 제빵용 믹서가 있다면 중속으로 6분 고속으로 6분 정도 돌린다. 3 치댄 반죽 위에 스프레이로 물을 뿌리고 그릇에 옮겨 담은 뒤 랩으로 덮어 실온(26℃ 정도)에 40분가량 두어 1차 발효한다. 4 ③을 다시 치대어 공기를 뺀 뒤 8등분(280g씩) 한다. 5 각 반죽을 둥글게 치대어 둥글게 모양을 만든 뒤 호박씨를 고루 묻혀 십자로 칼집을 낸다. 6 27~28℃의 온도에 2시간 동안 두어 2차 발효한다. 7 190℃로 예열한 오븐에 넣어 18분간 굽는다. 스팀 오븐이 아니라면 스테인리스스틸 컵에 물을 가득 따라 예열 전부터 오븐을 끌 때까지 넣어둔다. 8 tip 더욱 숙성된 사워도우를 만들고 싶다면 기존의 사워도우에 호밀가루 미지근한 물 100g씩을 더 넣고 사워도우를 만들 때와 같이 고루 저은 뒤 헝겊을 덮어 26℃의 온도에 24시간 둔다. 사워도우는 유리그릇에 담아 밀폐해 냉장보관하면 4주 정도 사용이 가능하다.,2,http://www.msn.com/ko-kr/foodanddrink/recipes/%ed%81%90%ec%96%b4%eb%b9%84%ec%8a%a4%ec%bc%80%eb%a5%b8-%ed%8f%b4%ec%bd%98%eb%b8%8c%eb%a1%9c%ed%8a%b8-%ed%98%b8%eb%b0%95%ec%94%a8-%ec%9e%a1%ea%b3%a1%eb%b9%b5/fd-ad9b724a-8cfc-5a42-8e09-7c25b7ff8d24,1
늙은호박비빔밥,1 늙은호박은 씨와 껍질을 제거한 다음 0.3×5cm 크기로 곱게 채썰어 소금에 살짝 절인다. 2 ①의 늙은호박을 물에 씻어 물기를 제거한 다음 참기름을 두른 팬에 볶는다. 3 베이비채소는 씻어서 물기를 제거하고 달걀은 프라이를 한다. 4 약고추장용 호박은 씨와 껍질을 제거한 다음 사방 0.3cm 크기로 썬다. 5 달군 팬에 참기름과 마늘을 넣고 볶다가 ④의 호박 고추장 설탕을 넣고 볶은 후 불을 끈다. 6 그릇에 밥을 담고 ②의 늙은호박과 베이비채소를 넣은 다음 달걀프라이를 올린다. 7 ⑤의 호박약고추장을 곁들여 낸다.,2,http://www.msn.com/ko-kr/foodanddrink/recipes/%eb%8a%99%ec%9d%80%ed%98%b8%eb%b0%95%eb%b9%84%eb%b9%94%eb%b0%a5/fd-27a32572-13af-5ef7-b9fc-1bcf2e3b1595,1
더덕 고추장불고기r,1 더덕은 설탕을 넣은 미지근한 물에 5분간 담가 쓴맛이 빠지면 방망이로 두드린다. 2 삼겹살은 먹기 좋은 크기로 자른다. 3 볼에 분량의 고추장 양념 재료를 섞은 후 삼겹살을 넣고 조물조물 무친 뒤 5분 이상 재운다. 4 ③에 ①의 더덕을 넣고 잘 버무린다. 5 달군 팬에 포도씨오일을 살짝 두르고 ③을 올려 익힌다. 6 더덕 고추장불고기를 접시에 담고 검은깨를 뿌린다.,2,http://www.msn.com/ko-kr/foodanddrink/recipes/%eb%8d%94%eb%8d%95-%ea%b3%a0%ec%b6%94%ec%9e%a5%eb%b6%88%ea%b3%a0%ea%b8%b0r/fd-9b4e6f17-6b42-531f-9aee-6e621410fb0c,1
흑돼지 등갈비 강정r,1 흑돼지 등갈비는 30분 동안 물에 담가 핏물을 뺀다. 2 핏물 뺀 등갈비에 배즙과 소금 후춧가루로 밑간하여 30분간 재운다. 3 사진 처럼 지퍼백에 녹말가루를 담고 밑간한 등갈비의 수분을 없앤 후 넣어 위아래로 흔들어 가루를 골고루 입힌다. 이렇게 하면 손에 녹말을 묻히지도 않고 깔끔하게 요리할 수 있다. 4 여분의 녹말가루를 털어내고 팬에 1cm 높이가 되도록 식용유를 부어 180℃ 정도가 되면 등갈비를 가지런히 놓아 튀기듯 앞뒷면을 노릇하게 익힌다. 5 팬에④의 남은 기름을 두르고 편으로썬 마늘과 생강 마른고추를 넣어향을 낸다음 나머지 강정소스 재료를 넣어 바글바글 끓으면 튀긴 등갈비를 넣고 고루 버무린 후 고명을 넣어 마무리한다.,2,http://www.msn.com/ko-kr/foodanddrink/recipes/%ed%9d%91%eb%8f%bc%ec%a7%80-%eb%93%b1%ea%b0%88%eb%b9%84-%ea%b0%95%ec%a0%95r/fd-f3001609-4d09-5876-9cbe-213e9c16fb72,1
스쿠프를 이용한 에스프레소 비스킷,1 버터와 가루설탕을 크림화한다. 2 밀가루 코코아가루 에스프레소 가루를 체에 한 번 내려 ①에 섞는다. 3 바닐라향을 넣어준다. 4 반죽을 그릇에 담아 냉장고에 30분 정도 둔 다음 쿠키 스쿠프로 긁어 둥글게 퍼서 손바닥으로 눌러 포크로 모양을 낸 다음 175℃의 오븐에 15~20분간 굽는다.,2,http://www.msn.com/ko-kr/foodanddrink/recipes/%ec%8a%a4%ec%bf%a0%ed%94%84%eb%a5%bc-%ec%9d%b4%ec%9a%a9%ed%95%9c-%ec%97%90%ec%8a%a4%ed%94%84%eb%a0%88%ec%86%8c-%eb%b9%84%ec%8a%a4%ed%82%b7/fd-85324149-5c8a-5b57-96d3-c51e04d6ecff,1